Wavelength,Ethanol_1,Ethanol_2,Ethanol_3,1:0_1,1:0_2,1:0_3,.9:.1_1,.9:.1_3,0.7:0.3_1,0.7:0.3_2,0.7:0.3_3,0.5:0.5_1,0.5:0.5_2,0.5:0.5_3,0.3:0.7_1,0.3:0.7_2,0.3:0.7_3,0.1:0.9_1,0.1:0.9_2,0.1:0.9_3,0:1_1,0:1_2,0:1_3
420,0.34249723,0.386950314,0.328473598,0.148266509,0.355536431,0.12318103,0.325751454,0.315007627,0.939578533,0.723161995,0.850177109,1.27398026,1.414204955,1.036793947,1.812574744,1.744367838,1.984755754,2.544338226,2.600671053,3.149580002,3.819779634,4.105498791,3.758736134
421.0599976,0.259975523,0.321325898,0.279039085,0.354445338,0.207458556,0.225850701,0.288360149,0.52753216,1.092017293,0.689076901,1.215129137,1.363413095,1.5966295,1.775810242,2.663725853,2.819022179,2.012691736,3.821936607,3.712003469,3.380582333,4.937754154,4.996305466,4.605875969
421.9599915,0.556540191,0.630059898,0.229908541,0.246531561,0.312661082,0.200302124,0.749525309,0.652504265,1.005873322,0.873751462,0.902730763,1.690581203,1.657599449,1.981375098,2.56575799,2.232328653,2.665445566,4.555537701,4.525773525,4.396537304,6.204315662,5.615423203,5.615858555
423.0299988,0.726983786,0.654851019,0.695010543,0.141754076,0.252427518,0.319753379,0.770125926,0.789201737,0.895554841,1.00945437,1.242868185,2.44749999,2.179082394,2.765022516,3.5477314,4.584108353,4.59118557,4.730808735,5.443635464,5.563649654,7.751298428,7.274712086,8.860269547
423.9299927,1.44116652,1.272750378,1.39128077,0.807577729,0.74803853,1.057938695,1.247106433,2.19557929,3.554887056,3.905698299,4.045227051,6.198941231,6.235898495,6.500144958,10.43765068,11.47894669,10.16612911,17.03957748,15.46681404,16.44570351,20.78368568,20.74100876,21.17737579
425,6.603331089,6.63886261,6.722003937,3.279296637,3.191660881,3.940652609,9.093392372,11.24126053,17.07596207,16.92536926,17.86281013,29.69342041,29.42919922,31.09539986,52.65089417,49.3448143,49.46665955,73.88165283,78.05278778,75.3890152,99.40848541,97.20949554,103.3104095
426.0599976,23.64810562,23.72362137,23.00106812,10.3913126,10.52127266,11.91981792,25.55862045,33.16779709,55.24829102,53.5222702,56.14229965,90.94031525,91.13183594,90.73251343,152.0158539,154.9569092,153.8494873,228.9550476,233.0043793,233.9152679,317.4645386,312.3608093,320.1592407
426.9599915,51.35463715,50.79806137,50.89542389,23.14420509,23.88541794,24.19199753,53.08088303,66.37127686,110.6092834,112.895401,115.4131165,183.6912689,180.9756165,185.513504,312.3294678,310.4121399,310.1280518,473.2120667,484.9100037,484.6996155,660.9885254,648.9794312,663.3167114
428.0299988,95.05482483,90.38126373,88.62789917,38.04668808,39.28443527,40.61119843,97.84702301,113.1787643,195.2943268,200.8219757,201.2007751,328.2026672,317.5514526,340.5103455,563.2564697,554.2484131,560.7250977,853.0286255,881.2635498,876.895874,1000,1000,1000
428.9299927,133.6879272,130.5401154,127.3357544,52.48579788,57.66215134,59.21339417,138.16539,158.8360443,281.4260864,280.6497803,291.5853271,470.4632874,474.0466003,487.6846008,807.0944824,807.4137573,816.7469482,1000,1000,1000,1000,1000,1000
430,164.0415039,155.4490814,155.997757,66.99616241,68.66082764,70.1997757,169.2746277,187.7682343,350.2680969,344.1019592,349.0695801,576.010376,572.552002,586.819519,978.4232178,980.3360596,996.168335,1000,1000,1000,1000,1000,1000
431.0599976,159.6567383,148.1033936,148.3612823,64.59272766,68.09553528,67.75379944,157.3940582,175.9263153,327.2302551,317.5984192,324.9586487,535.6442261,554.293457,554.6634521,935.3555298,933.7892456,941.9542847,1000,1000,1000,1000,1000,1000
431.9599915,124.387207,125.0769196,124.3159103,52.81506729,53.41838074,53.89400864,136.9123077,140.1542053,274.3447571,269.1524963,272.0761414,448.9748535,457.3018494,453.1474609,778.864563,772.0394897,774.9802856,1000,1000,1000,1000,1000,1000
433.0299988,88.5115509,85.95098114,82.50617981,36.08473206,38.30976486,39.18548203,91.63806152,97.87014771,181.8946381,189.1912537,187.8374481,321.9363708,322.5471802,315.8952637,537.9399414,548.8899536,531.4743652,855.3882446,862.168335,880.3790894,1000,1000,1000
433.9299927,49.21840286,47.24232101,46.6096611,20.83442307,22.06463814,22.65229988,52.93302917,54.59046173,106.541008,104.9520035,102.388855,180.1833038,176.5149994,176.9960327,296.6921387,296.3878479,295.4090576,487.334259,491.0932617,485.1386719,717.5698853,661.1400757,665.6028442
435,15.12986088,14.03403187,13.83726978,5.930691719,7.205461025,6.776028156,14.08426952,17.19492722,30.38512611,29.3833828,31.63378334,53.83215714,50.20556641,49.4053154,82.21791077,81.0824585,84.15187073,131.610672,135.3270111,129.2175751,183.4455414,175.6869965,181.5380554
436.0599976,3.619214773,3.498613596,3.286666632,1.455224514,2.041656494,1.715848684,3.588619947,3.864279032,6.743846416,5.708882332,6.917198181,10.15114307,9.517241478,9.85761261,16.33166885,15.12979889,14.77382278,25.09331131,25.12137413,26.10738373,33.08226776,35.29173279,32.15825272
436.9599915,0.938738942,1.001035571,1.14742291,0.615401089,0.588200152,0.428614646,1.295244932,1.209636807,1.72599411,1.74945426,2.333661795,3.141815901,2.925811529,3.036757946,4.246196747,4.116001129,4.407130241,7.423974991,7.245553493,7.175439358,8.836424828,8.077198029,8.448708534
438.0299988,0.865252018,0.7856341,0.82568568,0.590712309,0.458152533,0.457298636,0.731688857,0.799911499,1.210664153,0.976461232,1.320703864,2.123464346,1.638183355,2.060928822,3.316610575,2.542729616,3.529901981,4.15415144,4.497363567,4.271693707,5.206945896,6.044905186,6.864229679
438.9299927,0.644925892,0.664817989,0.662492931,0.561924934,0.286070079,0.403422356,0.745868385,0.645973146,1.257719874,1.204129934,1.133891582,1.640682101,1.944526315,1.725917578,2.294173241,3.176987648,2.482303619,3.981357813,3.722300768,4.15033865,5.135435104,5.472108841,5.14885664
440,0.667302191,0.613677204,0.574877858,0.397621036,0.572896898,0.486024737,0.53359127,0.669591129,1.474534273,1.065993905,1.460004449,1.646799207,1.556218386,1.726618767,1.942452788,2.594715357,2.578729391,3.467648029,3.025020361,4.19846344,4.315969944,5.050242901,4.696238995
441.0700073,0.463056535,0.361144304,0.672824502,0.479096293,0.36532858,0.373165965,0.619038463,0.700416029,1.271743417,1.062663198,1.258009315,1.73567009,1.615591645,1.597321987,2.056013346,2.316417456,2.154643297,3.502296209,3.401749372,3.172578096,4.261136532,4.678260803,4.116952419
442,0.574300051,0.406089604,0.470228642,0.303007335,0.613809884,0.304749012,0.66954571,0.618553102,1.226646543,1.049290657,0.953918994,1.545281887,1.311555743,1.718271255,1.84531033,2.475311995,2.385605335,3.267501116,2.375236034,3.151529789,4.475558758,3.769567728,3.865881681
443.0700073,0.48735401,0.497576445,0.403873831,0.326843917,0.46818471,0.323230952,0.423980326,0.688091636,0.830843568,1.032369852,1.385828376,1.426508665,1.553238273,1.31176579,2.21799469,2.214743614,1.907001019,2.764898539,2.817504644,2.62774682,4.423410416,3.423862219,3.614704847
444,0.566421509,0.172421217,0.419470131,0.159155637,0.277616561,0.493071497,0.78158778,0.446474552,0.919093728,1.257850885,0.782577932,1.134351969,1.534665585,1.685066223,1.802309632,2.241858959,1.902488708,2.677815437,2.472356319,2.749499559,3.493382454,3.702558279,3.583498955
445.0700073,0.3040438,0.484110773,0.302859485,0.576961696,0.350084603,0.355167687,0.386808157,0.319574773,0.977290809,1.205711603,0.801583111,1.225312948,1.432947516,1.613431811,1.78777194,1.933395743,1.794238091,2.675857067,2.788779736,2.697575569,3.316807985,2.983001947,3.389859915
446,0.24958688,0.470059812,0.381974161,0.530794501,0.454281598,0.615179539,0.533542275,0.559096515,1.349049687,0.736593962,1.264819503,1.809170365,1.807017207,1.181971908,1.251522422,1.413869619,2.104975939,3.021822214,2.138738871,2.690484524,3.294334412,2.573245049,3.087268591
447.0700073,0.415352792,0.658964515,0.35074535,0.484512895,0.418270767,0.621793866,0.368969649,0.583065748,0.98739773,1.038163185,1.032652378,1.706765532,1.698938012,1.766739607,2.177055836,2.229030609,1.781366825,2.017376423,2.668108225,2.405296803,2.909853935,2.493722916,2.52050662
448,0.511286676,0.605877042,0.265710115,0.510089397,0.310931861,0.281373084,0.63205266,0.822913945,1.422867656,1.263391137,1.070157528,1.609705567,1.736672759,1.414389729,1.788063765,1.680119157,2.155574799,1.614560366,2.566368818,2.619909525,2.334878445,2.777896166,2.472824574
449.0700073,0.567584217,0.313865185,0.445344448,0.707964599,0.479257405,0.38389352,0.548043728,0.272614211,0.795272827,1.168373704,1.036415458,1.38184762,1.376146793,1.840942502,1.726969481,2.006043673,1.679454327,2.169600248,2.205062389,2.274258852,2.563384295,2.47646904,2.540681839
450,0.574237049,0.47563234,0.433297217,0.688918114,0.433532029,0.64618963,0.478510529,0.782346189,1.550812602,1.252090573,1.605659962,1.576789618,1.810785413,1.875977039,1.8164047,1.923866272,1.466708302,1.890166879,1.831848383,2.070214748,2.054627895,1.792533636,2.547887325
451.0599976,0.414155692,0.489666373,0.467914462,0.411222965,0.407712549,0.501695395,0.415660679,0.877604067,1.296351075,0.865687311,1.169842243,1.510729671,1.710060835,1.94454205,1.903537154,1.734862208,1.36843586,2.0854702,1.626264215,2.271328449,2.341003418,2.1028018,2.067435741
451.9599915,0.372998387,0.285096169,0.468020022,0.554333031,0.645453334,0.319612414,0.417518735,0.559005141,1.312123656,0.963374555,1.439347506,2.018345594,1.760882616,1.658462048,1.821586609,1.57959199,1.855557323,1.533138156,1.596709609,2.55187583,1.918945789,1.950212121,2.517148733
453.0299988,0.401486337,0.387479365,0.420245737,0.665526569,0.498942912,0.367920727,0.649682522,0.687562883,1.675776005,1.232121348,1.517134905,2.146726131,1.678552866,2.042523146,2.092317104,1.759570956,1.976753354,1.610008836,1.707130432,1.976416469,1.640696049,1.817351937,1.74219048
453.9299927,0.248138964,0.494205862,0.268930167,0.509675026,0.57094878,0.6987167,0.650680184,0.542994142,1.332145452,1.693109393,1.802197456,2.015648842,2.190235376,2.383906364,1.849649906,2.2614851,1.906805992,1.993922472,2.316427469,1.609187603,1.540645361,1.71713078,2.02223587
455,0.523411989,0.225888491,0.115822129,0.569231689,0.713236868,0.93035841,0.466305137,0.718286395,1.68831861,1.412207723,1.398540974,2.493870735,2.300196648,2.238099337,2.331418991,2.138413668,1.771196008,1.859766722,2.123429775,2.185326099,1.312212229,1.38037324,1.806637645
456.0599976,0.283361375,0.505953372,0.331884116,0.633707941,0.38718003,0.52406776,0.750598788,0.470596284,2.13267684,1.913116932,1.491634011,2.409557104,2.712949753,3.499851704,2.729818344,2.215856552,2.258061886,2.633391619,2.008873224,1.809178352,1.645308852,1.38416481,1.60192585
456.9599915,0.285375774,0.427554667,0.242132768,0.625412345,0.501062632,1.055426836,0.616219878,0.65736115,2.499461412,1.805958748,2.3016541,3.036955357,3.462028742,3.118388414,2.592935324,2.694714069,2.712229729,1.684305549,2.115931749,2.747367859,1.60664773,1.762586474,1.263918757
458.0299988,0.270867735,0.17488049,0.416765899,0.747813523,0.857461572,0.778062105,0.483833998,0.660796702,2.322437525,2.421286345,1.883090734,3.104882479,3.425399542,4.153156281,2.427779913,3.491917372,2.512395144,2.304641008,2.038019657,2.433420181,1.388543606,1.491347551,1.798436761
458.9299927,0.53790462,0.33322227,0.319542527,0.565679789,0.644939721,0.724119127,0.833576858,0.865059435,2.418797493,2.99763298,2.417737961,3.430663824,3.932274818,4.209811687,3.014814138,3.177748919,3.202834845,2.033910275,2.484326124,2.395616531,1.62974906,1.536978602,1.600512147
460,0.21306251,0.504523933,0.443757802,0.474295825,0.586464703,0.897359192,1.014553547,0.698908508,2.936483622,3.126719475,2.333958626,4.354603767,4.036335468,3.79762125,3.63850069,3.123058796,3.645117998,2.208072186,2.639839649,2.042866468,1.232142568,1.179621816,1.472766876
461.0400085,0.39825806,0.352482051,0.291128099,1.025004983,0.811308146,0.641750991,0.702807725,0.867490768,2.632683754,2.864086151,2.934189081,4.759016037,4.854661465,4.021123886,3.843562603,3.582490921,3.02218008,3.099546432,2.620962381,2.541037321,1.258609176,1.242739797,1.500426173
461.9400024,0.406648278,0.20721437,0.246998966,0.605980754,0.628124714,1.047713876,1.041260958,0.769224405,3.216212273,4.28862381,3.003055573,5.011973858,4.838147163,5.153378487,3.904032946,3.977051973,3.639166117,2.772880793,3.250307798,2.972223282,1.273079872,1.304892421,1.532541037
462.980011,0.356187224,0.150727257,0.329869717,0.826568544,0.673473477,0.562469244,1.113701105,0.903561533,3.581400871,3.764452934,4.072348118,5.070427418,6.356397629,6.09291029,3.443048239,4.393695354,3.724848509,2.571647882,2.784653664,2.678678036,1.31099534,1.45703876,0.882032514
464.019989,0.200582564,0.214383483,0.016772192,1.067018986,0.867317617,0.577874959,0.508919239,0.830114543,3.645011902,3.909908772,4.375125885,6.337049007,6.807873249,5.438652992,4.029269695,4.342373371,4.815139294,3.26150465,2.981231213,2.870769024,0.978253305,1.134372354,1.177564859
465.0700073,0.356639594,0.268424869,0.164273188,0.705898583,0.979810953,0.844088435,1.20866704,0.711963594,4.364838123,5.014786243,4.139521599,7.917985439,7.239827156,6.767295361,5.01437664,4.922584057,5.536303043,3.313964844,2.997240543,2.953510284,0.792693675,0.685912192,1.199714184
465.9700012,0.294524521,0.059417203,0.13204807,0.832242489,0.609766305,0.710719883,0.881509662,0.933029234,4.616109371,4.333499432,4.350412369,7.74471283,7.513514519,7.694839001,5.494932175,5.785591125,5.271719456,3.304040909,3.321152925,3.472552776,0.892383814,0.527040541,1.188212872
467.0100098,0.147043556,0.218750268,0.269812226,0.938836515,1.045501351,0.928577006,0.736759961,0.808157206,5.580452919,4.975632191,5.92271471,8.780822754,8.293889999,9.921961784,5.669341087,5.586545944,5.154901505,2.932756186,2.819419622,3.178212881,1.023201227,1.02456367,1.014155865
468.0499878,0.248986885,0.275633961,0.083597362,1.049525619,0.833003759,1.063838959,0.697775066,1.057064652,5.847306728,4.968623638,5.813750744,9.855127335,8.780521393,9.775874138,6.22878027,5.463683128,6.831709862,3.88261199,3.882760763,3.256024599,0.597775221,1.075119615,1.14391458
468.9500122,0.059260763,0.081879966,0.269769311,1.091051579,0.870182276,0.873920202,0.966840029,0.950819135,6.303588867,6.445584297,6.95434761,9.49865818,10.09561062,9.895815849,5.770626068,7.827871323,6.963470459,3.52453351,3.829943419,4.801527977,0.782505572,0.800464392,0.868764877
470,0.20976086,0.091719404,0.252529651,1.134773612,0.882286251,0.943451345,0.820933819,1.220497489,7.10943079,7.18103838,7.073059559,12.30202866,10.43720341,11.71293068,7.11844635,8.120178223,7.949383736,4.842490673,4.034763813,4.359961033,1.087643862,0.735194743,0.723109365
471.0599976,0.343453765,0.082973786,0.189063534,1.070291162,1.187668681,0.864163756,0.965657711,0.768178046,7.813094139,6.791938305,6.744009495,13.23036575,11.53212547,13.65681362,8.474575996,9.123882294,8.325725555,4.574581623,4.386043549,5.076230049,0.769205034,0.647800863,0.754218161
471.9599915,0.267050296,0.008519557,0.051174019,1.011786342,1.192451715,0.985188544,1.157643914,1.361228466,8.09471035,7.987220764,8.569722176,14.42565632,14.312994,13.06667805,10.32211685,9.136685371,9.402534485,5.532019138,5.447245121,6.371669292,0.680060744,0.941176474,0.871095479
473.0299988,0.225256443,0.208007455,0.111466467,1.013887644,1.470072269,1.069696903,1.00934279,1.23017323,8.059253693,8.381889343,8.362771034,16.06032372,15.48611069,16.28264809,10.34755421,9.075559616,9.997136116,6.323898315,6.090847492,5.532308578,0.741233647,0.723545373,0.904617786
473.9299927,0.163394481,0.139386535,0.086092599,1.135248184,0.988735259,0.987378776,1.410462379,1.066282988,10.20373821,9.408773422,9.608322144,17.04678535,16.63627052,18.181036,10.84763432,12.43818378,11.56128407,7.101276398,6.210428238,6.066603661,1.002405763,0.68421942,1.123450875
475,0.266907752,0.133425623,0.242918491,1.21466434,0.832401454,1.258267999,1.121553779,1.601184487,10.63163948,10.92486382,12.29501152,19.00575829,20.84009361,19.76493454,12.03324032,12.89586353,11.93719292,7.66381216,6.336456299,6.37138319,0.804154217,0.833555579,0.791974664
476.0599976,0.121614344,0.20819974,0.190063149,1.147812843,1.106362939,1.070323586,1.119801641,1.310365796,12.95360851,11.97243309,12.26296616,20.22732925,20.46811104,21.53216553,12.95539665,15.24734879,14.07449913,7.31694746,7.75840807,7.116425037,0.880746841,0.610122979,0.583450317
476.9599915,0.162033081,0.115621261,0.140442044,1.133023739,1.075709462,1.250999928,1.192585588,1.015526772,11.95528126,12.03485107,12.50704288,21.99477959,25.20327187,21.57588768,15.74714661,14.64749813,15.8248415,8.138413429,8.03226757,7.391978264,0.821072578,0.618110657,0.767724514
478.0299988,0.106042668,0.074939422,0.077448003,1.212663293,1.138081551,1.33466506,1.040077686,1.156158566,15.07342434,13.98176765,14.10741901,23.95178795,23.88916206,25.72218704,17.42463303,17.29769516,15.74430847,9.860025406,9.315704346,9.070314407,0.49562484,0.933889151,0.928329527
478.9299927,0.28132993,0.352669984,0.103781097,1.149080396,1.167953372,1.724618912,1.215274811,1.166871071,15.46076107,15.74406433,15.21482754,28.24068069,28.97282219,27.02158356,19.26637268,18.39631271,18.44330406,10.16904736,9.481183052,9.374502182,0.408823788,1.044399738,0.52062887
480,0.197128773,0.109127238,0.260246068,1.159644365,1.254911423,1.646321177,1.555976868,1.368001223,17.40040779,15.14551544,15.73383999,29.36707687,29.36346245,28.572155,18.94085884,18.52800179,18.13661194,10.06966686,11.14314842,9.839913368,0.741110802,0.59307462,0.808060408
481.0599976,0.191569209,0.172387034,0.258828193,1.467941165,1.625873327,1.633430839,1.300480366,1.767942429,18.11821747,17.26551628,18.1497879,30.70965958,34.35235596,32.97104263,21.18118095,22.39505577,21.37405777,10.40801907,10.02735519,10.2951622,0.738540053,0.718032777,0.804430306
481.9599915,0.096823312,0.240392864,0.292994738,1.305031657,1.30521214,1.496865869,1.623997688,1.641365886,19.46670341,18.36137772,18.63225365,37.13469315,33.59919357,33.84050751,22.37482071,21.8729248,23.85087204,11.0248394,12.23131847,11.59160328,0.780474544,0.98084414,0.768440485
483.0299988,0.258933187,0.169821098,0.182465896,1.303869247,1.441034198,1.780495524,1.473088861,1.467408776,20.90450859,21.08867264,19.77602386,39.83083344,38.16899109,38.16689682,23.69437027,26.38420486,24.94560432,13.29454708,12.600811,12.26375484,0.72971642,0.839223743,0.716969729
483.9299927,0.425099969,0.282210469,0.362068981,1.402441025,1.480134964,1.730059147,1.991367698,1.591539621,20.66423798,21.69355011,21.92455482,42.96942902,41.11105728,41.45699692,27.98760986,27.71788025,27.01459885,13.43561745,13.52858734,13.66466045,0.545613289,0.792946219,0.756111145
485,0.586269081,0.26315096,0.175137475,2.247498274,1.91815865,1.248620868,1.55975318,1.268376589,24.02412605,24.16095734,22.58358383,42.91108322,42.59832764,44.78454971,30.3473835,27.85189629,30.94318962,15.68630886,15.3397131,14.80259037,0.79125911,0.663198531,0.596978784
486.0599976,0.140715018,0.473745853,0.340064883,1.781950951,1.721669197,1.491049409,2.017415285,1.406265974,26.57318306,24.26041985,26.26511002,48.6819725,44.02227402,45.47785187,31.09852982,30.35423088,30.29624176,15.74085808,15.36038113,15.82914543,0.828941405,0.850048065,0.884754419
486.9599915,0.578446209,0.652568817,0.490078062,1.653481126,1.544878721,1.650933027,1.804595351,2.104772806,27.95910263,24.82904053,27.84955978,48.2486763,50.76607513,48.64897537,34.84984589,34.23799515,32.94678116,17.54237747,17.53351593,16.16158104,1.015691519,0.513567388,1.048741102
488.0299988,0.63820672,0.710443556,0.757308424,2.03165555,1.92032373,1.856208086,1.756273866,1.919336319,30.3963089,28.44665527,29.00839806,54.22216797,55.1085434,53.90486908,33.86255264,35.84195709,34.85027695,19.71931076,18.07630157,19.45912933,1.504244924,0.947793782,0.940675318
488.9299927,0.991142213,0.930657387,1.123742342,1.952936888,1.635168195,1.769773364,2.107087612,1.755223036,30.34109879,30.79382133,31.27370453,56.02700424,55.48981857,55.2387085,36.05147171,37.16927719,38.66359329,20.49489212,18.95237732,18.60509491,0.911263585,1.392179608,1.030981421
490,1.400150537,1.502876759,1.379729271,2.42105794,2.148586273,1.985851884,2.092226028,2.319532633,32.74389267,32.45946884,33.49423599,60.22960281,59.46310425,56.65693665,39.91296387,38.58040619,40.76452637,20.5489769,20.63138771,21.28835487,1.668365955,1.306275129,1.501366496
491.0400085,1.217613697,1.520535827,1.708493829,2.340937853,2.139166594,2.317507029,1.800313115,2.390659809,34.24424362,33.09931564,34.69141006,62.45173645,64.43863678,63.45052338,44.28646469,43.32191849,42.93421936,22.06085968,21.38173485,19.89271355,1.526048183,1.22719264,1.968656182
491.9400024,1.418452144,1.679543138,1.868421912,2.994112253,2.548321247,2.599347115,2.454784632,2.082520008,33.62736511,35.9148407,35.20684433,66.86051178,63.72886276,66.7975235,45.06237793,44.09475708,45.62496948,20.75094604,23.58979607,22.09461975,1.672109008,1.767481804,1.745377302
492.980011,1.843061566,1.684601426,1.795578957,1.757667065,2.710475922,2.470073938,2.166404247,1.897862077,36.68331528,37.57639313,35.70404816,72.23712158,73.51661682,71.97116852,45.05633163,47.43870926,48.05875778,22.50346565,24.30874062,25.00129318,1.691480637,1.575413346,1.590659142
494.019989,1.511006832,1.661286831,1.298901081,2.760162115,2.545815945,2.345449924,2.397095919,2.315410376,37.42311859,41.08023071,37.8921051,70.64269257,75.86153412,77.95075226,49.08336639,44.6153183,50.32719803,26.2546711,24.01598167,24.99604034,1.348864794,1.592466354,1.356273413
495.0700073,1.195020199,1.441497803,0.731684506,2.067749262,2.466124296,1.344961405,2.263494253,2.473450422,39.31844711,39.26263428,43.79938889,74.34803772,78.77236176,78.23353577,52.03116226,51.91001511,52.46673965,26.70813942,26.57062721,24.70175362,1.278890729,1.400679111,1.024208665
495.9700012,0.636402249,0.71546793,1.020250678,2.230515957,2.130490303,2.069628716,2.200183392,2.395995855,42.49522018,41.18798065,42.85592651,80.02974701,79.56163025,79.28569794,53.72796631,54.1529274,54.85181046,27.3482399,26.19037628,28.12675476,1.011420608,0.978414774,1.32559073
497.0100098,0.716877222,0.583619177,0.306432545,2.202624559,1.64941752,1.95541656,2.409309149,2.321201801,46.01107025,45.85845947,42.19195175,81.41980743,82.42417145,82.42726135,55.09833527,56.99339676,53.90587616,28.8789196,28.16876602,28.0893364,0.932007432,0.52736783,0.67157495
498.0499878,0.536550283,0.481277436,0.532077253,2.582719803,1.671280622,2.134114027,2.028362751,2.135634184,45.41830063,46.82074738,47.84554672,88.03710175,87.48788452,84.50704193,57.74934387,57.85565948,60.40445328,30.53704643,30.65288353,27.6488018,0.686430156,0.546727836,0.630448103
498.9500122,0.336682439,0.41156587,0.676661313,2.40624404,2.501891375,1.444765449,1.976041555,1.710371375,49.32591248,46.3208046,48.41051865,89.22960663,91.53787231,86.61397552,57.40694809,58.96414566,59.50823593,29.51810265,30.5094738,30.58260536,0.525816739,0.60261184,0.576676786
500,0.495962679,0.179492921,0.448774934,1.995501161,2.182899475,2.472007036,2.486623526,2.226286173,51.31921768,49.42463303,48.16048813,93.46562958,92.63116455,90.30656433,62.00009918,62.85500336,61.91561127,32.33903122,31.82627678,31.53187752,0.569437325,0.517242849,0.572722971
501.0400085,0.229728654,0.44091323,0.232973516,2.138411999,2.273954868,1.964200258,2.040295839,2.339302778,51.74095535,54.28908157,52.80740738,100.9217682,97.88930511,99.02601624,62.29944611,63.23744965,65.90052032,32.58558655,31.1133976,32.24213791,0.827533722,0.411498457,0.455181778
501.9400024,0.261042088,0.311007053,0.174654186,2.049945831,2.256608486,2.074548721,2.29616189,2.47042799,52.24779892,54.34820557,53.87847137,102.5949707,98.22570038,98.64189148,66.93834686,67.55698395,65.47343445,32.94382477,35.02001572,33.04784393,0.365658701,0.70348227,0.693974435
502.980011,0.460747838,0.592269599,0.517380476,1.986478209,2.16373086,2.183406115,1.970788956,2.548672438,54.5047493,55.04145813,53.7503624,106.9061584,103.6448212,105.1089783,66.78358459,69.69112396,70.31488037,36.17036438,35.85639572,34.64405823,0.275833547,0.750510216,0.396388471
504.019989,0.344060987,0.447905183,0.778391838,1.762442946,2.350396395,2.34630847,2.774044752,1.97149837,55.79089355,57.4004364,57.85068893,110.1482315,109.4197845,107.2542191,71.36564636,70.38668823,73.08172607,36.63750839,35.14696884,38.49491882,0.928505063,0.729025543,0.379634351
505.0700073,0.437529534,0.3736794,0.210707456,1.784294844,2.357496262,2.386981964,2.260879755,2.044239521,58.74140167,59.47483826,62.30255127,110.3783493,111.9565048,110.5267181,73.27340698,75.69692993,72.68698883,37.68210602,37.35186005,35.89793015,0.321038127,0.523427606,0.587454021
505.9700012,0.382296205,0.304594129,0.14472273,1.850794792,2.080534935,2.856603622,2.486730337,2.242548466,61.29436874,60.71928024,61.08285522,113.0667953,111.104538,111.4163513,74.68318176,79.43492126,76.85467529,37.83213043,39.54972839,37.90180206,0.593616843,0.646077216,0.376132667
507.0100098,0.421300232,0.396958947,0.25669986,1.972268105,2.25988698,2.261072874,2.307718515,2.426139116,63.40476227,64.03948975,63.99823761,112.4361877,119.0298843,118.2986069,78.38278961,75.91720581,77.97996521,38.97320938,39.0973587,39.34578323,0.408079982,0.546089053,0.306636125
508.0499878,0.242107719,0.514063954,0.35565272,2.383708954,2.651453495,1.985918045,2.030728817,2.61686492,64.55905151,63.56868744,64.40377045,121.2337952,122.1928482,121.3581848,79.79852295,80.04570007,82.42191315,40.20673752,41.71425629,39.99386978,0.449880719,0.551338077,0.53967005
508.9500122,0.364327163,0.299022019,0.304898709,2.830783129,2.199660063,1.954624891,1.826065302,1.811349273,63.31123352,67.10475159,64.49404907,125.740799,121.2273788,124.2027969,79.86122894,81.53694153,81.10157776,41.29457474,42.34128571,40.06727982,0.42914772,0.415926516,0.289450824
510,0.243013367,0.125690177,0.290158361,1.889712691,2.223105192,2.594146729,2.329512596,2.769361734,65.37276459,68.47894287,66.14759064,123.8729553,125.9085846,125.4141312,88.51087952,81.6411972,82.96491241,41.02328873,41.87501526,42.97172165,0.442638457,0.566903174,0.4106673
511.0599976,0.217053458,0.198103368,0.173065767,2.256597519,2.374782324,2.427101135,1.677986503,2.40049243,66.93045807,70.92066193,68.38884735,128.1822205,127.4392929,127.6297302,84.44311523,85.55449677,87.25219727,43.19202423,41.72793961,42.1756134,0.492039472,0.469288677,0.307958663
511.9599915,0.135866106,0.246491894,0.315681487,1.872987032,2.071367979,2.040978432,2.26281476,2.109920025,72.09272766,72.35605621,70.81983948,130.2477875,128.3080292,131.6644135,87.08132935,86.22763824,85.61746216,42.57394791,44.24007416,42.9041748,0.414159179,0.731673718,0.523151517
513.0300293,0.165226013,0.345941931,0.331153959,2.245056391,2.060138941,2.12875104,2.287232876,1.802296638,73.48129272,68.8559494,73.0978241,131.5586395,135.1662598,132.1430969,87.81260681,88.0750351,88.44055939,44.4852562,46.03251648,43.79780579,0.256443143,0.504242599,0.269516796
513.9299927,0.235954166,0.216197521,0.224052936,2.549146414,2.469560862,2.184393644,2.251008987,1.948767662,70.58366394,72.95845795,71.8536377,129.9924622,135.2420349,136.7828369,92.40998077,88.73620605,88.33277893,46.27696609,43.56824875,43.85111618,0.265059829,0.360956788,0.597361624
515,0.141330272,0.197280958,0.221047089,2.421307564,2.083439112,2.38008213,1.969846845,2.382707357,76.79717255,74.22133636,74.31211853,141.3968048,140.0139923,139.9103088,91.16144562,87.3899765,89.15907288,46.13682175,44.30272675,45.85762405,0.296115667,0.598171771,0.333039135
516.0599976,0.206819877,0.289694548,0.051925123,1.953209043,2.543352604,2.763114214,2.047758818,2.560561895,76.78464508,74.28527832,76.99526978,138.0835114,138.377655,137.5243073,93.7328949,91.84080505,91.81684875,48.2057991,47.22815704,44.93269348,0.440118045,0.401472658,0.276019126
516.960022,0.189565301,0.196066722,0.284247369,2.539360285,2.050646544,1.995105982,1.889769077,2.285794497,76.36930847,76.42458344,78.14516449,140.6161346,142.0450134,139.721405,95.43466187,92.71653748,93.80627441,44.3627739,45.29501343,45.49264526,0.339132488,0.345294923,0.336876154
518.0300293,0.308644623,0.160582826,0.320760131,2.043772936,2.354402304,2.008704424,2.355952263,2.339020252,75.20386505,78.33221436,79.08669281,141.0469513,147.1721497,141.2995148,93.7026825,90.85324097,92.7307663,46.40612793,49.61410141,46.93685913,0.415247202,0.231727824,0.393801898
518.9299927,0.216936678,0.179209933,0.209831879,2.519611597,2.319721937,2.293121576,2.177923441,2.053529739,75.00192261,78.05625916,79.09940338,141.9286804,144.0280304,141.6147766,94.39865875,97.30033112,92.81427002,50.80755997,49.65513611,47.91117859,0.384234458,0.192610756,0.330898285
520,0.152925983,0.325858593,0.165111154,1.811423898,1.774457932,2.145793676,2.361917257,1.771018744,78.99782562,81.58397675,79.04858398,145.7300568,148.0316925,144.3119507,97.55690002,94.81511688,93.00389099,47.19898224,47.95162201,47.63300705,0.364099771,0.458204001,0.450454205
521.039978,0.162541807,0.197440133,0.212777272,2.470788002,2.496436596,2.363202095,2.337833881,2.105650902,80.04375458,80.29333496,79.76281738,146.6193848,145.0732574,144.9392853,98.62361908,93.19928741,95.45438385,48.68821716,47.60716248,48.0573349,0.162208766,0.19799082,0.287453502
521.9400024,0.277479082,0.087699302,0.232240081,2.464619398,2.599020958,3.394584179,2.287083626,2.128118038,79.49952698,79.92274475,80.62612152,150.8796082,150.6182098,144.8899384,98.81015015,95.268013,100.5796356,50.53159714,47.62309647,48.76871109,0.559520006,0.260050952,0.475622267
522.9799805,0.179199234,0.203771472,0.277057141,1.828315139,2.052378893,2.236591339,1.971266031,2.440862656,81.20995331,79.76259613,81.51165009,148.4152222,150.6016388,149.5931244,97.29738617,98.26281738,93.64798737,49.74722672,47.1552887,48.01338577,0.365892053,0.388815612,0.396119714
524.0200195,0.212572381,0.178462178,0.278450459,2.241884708,2.223091602,2.590037584,2.003991365,2.015603065,83.07313538,80.6907959,83.75650024,148.5896454,145.4308319,150.7307129,97.29843903,95.23057556,98.83163452,49.92559052,47.98019409,51.79409409,0.320512831,0.340759039,0.52176255
525.0700073,0.272303343,0.179550096,0.313032597,2.215429068,2.226377487,1.901889324,2.263029099,2.571836948,81.75483704,84.50921631,84.44762421,149.0589142,149.4887695,146.8555603,100.2870483,96.72124481,97.38868713,50.71799088,50.14626694,48.40136719,0.177387342,0.373235613,0.424300551
525.9699707,0.218027517,0.18896772,0.329138279,2.496281147,2.642555475,2.480707884,2.254197359,2.337441444,83.08798218,81.63504791,84.67922211,152.0311127,145.633194,151.8674011,98.04893494,102.1275864,101.0400772,46.86942673,48.9297142,49.33434296,0.373991102,0.443609417,0.355727226
527.0100098,0.125343651,0.346640974,0.263578564,2.318273067,2.029116392,1.867859721,2.244830608,2.968405724,82.99128723,81.59417725,85.65519714,152.4637451,149.8029022,147.2631226,100.9322586,100.7903976,98.559021,48.99578094,50.69553757,50.22559357,0.385448903,0.224302292,0.558848441
528.0499878,0.242592558,0.57069844,0.256833911,2.252881765,2.089549541,2.330097198,2.174282312,2.448313475,83.69979858,86.60398865,85.12810516,153.6021423,151.5531311,149.8004608,100.5524063,99.21581268,97.15969849,49.58792496,50.63444901,51.22906876,0.524415374,0.347318709,0.514694572
528.9500122,0.249845937,0.145742595,0.17929104,2.646425724,2.276373386,2.419225693,2.289080858,2.12471199,82.45986938,87.21338654,87.48606873,153.5159149,154.5378113,147.5092163,97.33436584,98.7128067,97.85066223,49.92776871,50.70268631,52.12611771,0.272405326,0.25645563,0.260824204
530,0.114970848,0.169163242,0.407045275,2.856559753,2.068382502,1.995702982,2.522217512,2.011205196,84.40719604,80.62599945,81.12313843,149.5151062,150.8863983,151.9450836,98.83076477,98.53145599,98.78766632,50.3417511,51.26816177,48.47223663,0.426336974,0.549426913,0.335612714
531.0200195,0.183552072,0.562476933,0.288644403,2.455721378,2.155306339,2.452731133,1.77604866,2.141087294,85.96791077,81.02651215,84.06535339,155.5983429,151.1761932,148.5604401,100.1959839,99.36823273,102.062027,52.78730774,51.42982864,51.87329865,0.233812794,0.181192234,0.229032889
532.0499878,0.150397301,0.440468937,0.24055396,1.86100018,2.385936022,2.245450497,1.792419076,1.906716228,83.48960876,84.54702759,82.53097534,150.4891357,152.8923187,149.9192047,98.98247528,98.3371582,102.4195633,52.36926651,48.30868912,50.36659241,0.398342907,0.468451917,0.214746475
532.9400024,0.142360672,0.087071612,0.172235623,2.149045706,2.290523052,2.203240156,2.449120283,1.971349835,84.8466568,84.82465363,82.29779053,151.7186737,153.0338898,146.5225525,96.36463928,101.9677811,101.8725281,50.01810074,49.9733963,51.14525986,0.260769785,0.230940968,0.582299769
533.9699707,0.143937275,0.060983576,0.324008137,2.224169254,2.16741538,2.040021658,1.990906,1.573496819,83.78902435,82.03462219,84.24230957,147.1174622,148.5403137,146.1000977,100.7873459,99.02651978,97.65177155,47.57467651,50.26475525,49.37000656,0.43710497,0.439649344,0.339006633
535,0.297976315,0.231650293,0.068933427,2.528146505,2.41798234,1.899036169,1.627339244,1.852196574,83.80856323,80.80106354,82.64306641,147.9950562,148.2793121,149.7988586,101.8854752,97.66213226,100.8136215,49.24102402,48.61752701,47.83343506,0.224544436,0.017300589,0.323608041
536.0200195,0.142679691,0.159528464,0.113821425,2.688696384,2.128180504,1.94204402,2.043906212,2.258850098,82.89762878,82.04812622,80.06111145,150.7008362,145.2409668,150.4501648,95.40196228,100.6471176,94.78110504,49.78556061,47.48522949,48.52490234,0.240628392,0.275800228,0.601440072
537.0499878,0.307708085,0.241919458,0.051442534,2.244012356,2.217790604,2.26476717,2.087506294,2.324065685,76.64758301,86.64945221,81.12974548,150.5910339,152.1181946,145.951355,95.57611847,97.40242004,91.94287109,48.52243423,46.49081421,49.05573654,0.289993495,0.255517036,0.222940579
537.9400024,0.31255278,0.181056336,0.277229369,2.702396393,2.128347874,1.7783916,1.872547507,2.595418692,82.51416779,79.20733643,85.45671082,141.2828064,146.3067017,149.5739899,93.46201324,96.48492432,97.85705566,48.45108414,49.21124649,48.39399719,0.366135061,0.264541239,0.210742831
538.9699707,0.287601799,0.241410524,0.27445665,2.244436502,2.079824924,2.111261606,2.014689445,2.201402903,80.44647217,82.30525208,79.71175385,151.4322968,143.2409058,146.2824249,98.56257629,96.28487396,94.96174622,46.42054367,47.83041382,46.58055115,0.48576957,0.180259049,0.23895067
540,0.220992595,0.136060208,0.179545492,1.248916745,1.896251678,1.688039899,1.635044456,1.659816623,80.35398865,81.23659515,80.4757309,145.8033905,149.7236328,142.7362976,91.45672607,94.32751465,95.76481628,47.36010742,49.7818222,48.55994797,0.202045724,0.226043716,0.309241146
541.039978,0.076488338,0.125434846,0.165808544,1.863380313,2.145960331,2.132557154,2.546970367,1.960015655,80.68273163,83.09393311,82.11657715,140.604187,147.2962341,141.1605835,95.08917999,95.03948212,96.31533051,48.51388168,46.84865952,46.75128937,0.262631744,0.195664749,0.376763344
541.9400024,0.214518622,0.228295058,0.119798392,2.041849613,1.539097548,2.718811989,2.147926807,2.199381828,81.78305054,75.21858215,79.6566925,142.9158783,142.9244537,142.2610779,92.21685791,92.49830627,91.26703644,45.67828751,45.29226685,46.41819,0.302425444,0.237337604,0.250799954
542.9799805,0.05072666,0.262152016,0.24896124,2.602630377,1.539765716,2.022176027,2.233155012,1.83378756,79.32334137,79.0500412,77.97905731,138.1070557,143.5508728,139.0618134,92.77294159,96.54556274,90.55489349,47.92287064,46.24699783,48.37794495,0.159473568,0.257331818,0.160311848
544.0200195,0.102767877,0.272942066,0.361725956,1.687260866,2.177805424,1.539465189,2.318101645,1.836578846,78.0062561,80.18556213,75.47042084,143.6981049,138.7953949,140.0180969,94.32058716,93.56755066,89.31719208,47.28644943,47.20039368,46.08722305,0.357197553,0.166492865,0.191898406
545.0700073,0.253070593,0.290762305,0.256318241,2.077620506,1.907250166,2.610401869,2.07738924,2.099692822,79.31835175,77.34259033,79.84910583,139.3084259,141.4981842,136.0446472,89.81969452,90.39722443,89.96607971,47.74126816,45.36571121,47.89353943,0.084754385,0.230635181,0.232602224
545.9699707,0.184044972,0.329122275,0.159622282,1.829522491,2.051140547,2.105074406,2.06422019,1.237146616,78.90440369,76.14431,77.81596375,133.7580261,136.3596497,137.4285889,87.91125488,93.8732605,90.9691391,45.01889038,45.90042877,45.79203415,0.118756786,0.337320656,0.143344998
547.0100098,0.091734707,0.339279205,0.16989322,2.026141644,1.792408109,1.940217614,1.736096382,2.040557146,74.53960419,76.33210754,76.45510101,136.7899323,132.1984406,134.3634186,90.19243622,90.72936249,89.97106934,44.39383316,46.33259583,45.82613373,0.08420556,0.215063021,0.278295487
548.0499878,0.279964715,0.12773785,0.091059595,1.944269896,2.18745923,2.024291515,1.393254638,1.713326216,75.72175598,78.08363342,74.15982819,137.5071411,134.9085236,130.2653198,88.25400543,86.41542816,86.68421173,45.99929428,44.82207108,42.753479,0.153646544,0.205899,0.151111931
548.9500122,0.30102852,0.077375427,0.145748854,2.164868116,1.814657092,2.231915474,1.899947286,1.879951715,75.96452332,75.65549469,76.44869232,131.187973,129.7378387,132.3938904,85.62133026,87.3469696,87.41164398,43.20420837,42.87327957,44.4003334,0.363000929,0.268433124,0.136966363
550,0.135505945,0.329412162,0.067928433,1.457396269,1.941072702,1.565244675,1.678269029,1.716760278,75.16389465,73.02391815,74.62917328,136.7980042,127.3013535,130.5858307,82.64195251,84.80553436,88.05271149,42.68701172,43.92730331,44.71035004,0.2843014,0.137050837,0.132080615
551.039978,0.243276343,0.103145957,0.323721081,1.890120864,1.823384404,1.62207365,1.377949357,1.647109032,74.22943115,71.81399536,74.04856873,126.5086212,125.8487854,131.42659,83.61391449,84.73767853,86.55551147,42.32804108,42.13614655,41.23480988,0.189529374,0.320596635,0.288651735
551.9400024,0.211006075,0.189687878,0.087276794,1.493860006,1.960112929,1.668464422,1.645231485,1.764730811,75.34404755,71.4785614,69.54115295,130.2890778,122.5796356,124.1946793,82.73230743,83.743927,83.47315979,43.79393387,43.59547424,44.78887177,0.253579706,0.202316523,0.288893342
552.9799805,0.433956206,0.042424295,0.254893959,1.578049898,1.876785636,1.508433819,1.818489432,1.366214752,71.51222229,71.80448914,70.06397247,125.0870056,123.9851151,121.2058029,80.26461792,83.07224274,82.07261658,40.61083603,43.58284378,43.80953979,0.180021092,0.296193481,0.268554062
554.0200195,0.016959356,0.119922563,0.110129356,1.467148423,1.169719458,1.53144753,1.813144445,1.268641114,73.08520508,70.07758331,69.74610138,123.8506393,122.0043716,124.2862015,81.1596756,82.85173798,80.53307343,43.57623672,41.48171997,39.30891418,0.198680073,0.215467095,0.360085398
555.0700073,0.232840478,0.232965484,0.196975142,1.448591828,1.733336687,1.582795739,0.924904525,1.407761574,70.12033081,66.15721893,71.91159821,123.8078156,122.0342865,120.9774094,81.72596741,79.57165527,82.91766357,41.39674377,40.95744324,40.63063049,0.249501005,0.178265229,0.253847927
555.9699707,0.075022511,0.168513283,0.190388814,1.71770668,1.28540206,1.698822975,1.394289374,1.753823876,71.20466614,68.82231903,70.68243408,120.0584793,121.1514511,121.028244,76.97354889,78.78499603,82.86935425,39.91825104,38.77959824,40.6302948,0.229133964,0.223790675,0.101142064
557.0100098,0.142979696,0.066986524,0.094176464,1.412571073,1.614597917,1.071305037,1.024074435,1.549363732,68.5567627,65.79068756,66.61569977,119.6277695,119.6077271,117.6309814,79.7562027,77.3349762,77.71577454,39.16371918,39.2440033,41.02436447,0.173991725,0.333178431,0.250591934
558.0499878,0.140381023,0.180265248,0.069118649,2.005965948,1.742770553,2.013952017,1.933680654,1.488752127,65.80623627,68.80408478,69.15216827,114.0162277,119.2906876,121.5692291,77.86212921,75.1541214,77.36255646,40.28902054,39.63293076,38.57336044,0.227907717,0.160570622,0.238653317
558.9500122,0.13362731,0.042434376,0.241273224,1.448677301,1.797846079,1.571449399,1.763533831,1.549901843,65.25024414,64.69102478,65.77007294,116.3336487,114.7231293,117.5412521,74.65771484,75.74977112,76.60913849,39.77546692,39.72928238,38.24560165,0.025134047,0.033339445,0.237043798
560,0.016757859,0.159027755,0.025702978,1.77899766,1.704559922,1.509695888,1.548405051,1.631307244,63.15628433,63.55480194,64.87003326,112.3099747,114.8026886,114.9741135,72.94736481,73.99783325,72.9571991,36.40713882,36.80162048,38.13976669,0.101193242,0.068419345,0.155196503
561.0200195,0.202171668,0.286021948,0.307589769,1.506881475,2.01889348,1.586152196,1.43886137,1.647713661,67.05914307,63.78948593,64.69615936,111.7749252,107.864296,108.2909164,73.81124115,73.43296814,70.29628754,36.0820694,36.41496658,37.19255066,0.168218479,0.272169024,0.479086995
562.0499878,0.058342084,0.07693886,0.077554114,1.547519207,1.652864695,1.561995983,1.386019111,1.45702219,62.8915596,64.57529449,63.50296021,112.5790253,108.8802872,107.7307205,70.41026306,71.33920288,69.09528351,35.93425369,36.30213165,38.10916901,0.07622274,0.118611902,0.136298969
562.9400024,0.075520463,0.145000458,0.144583643,1.586426854,1.622576714,1.618692398,1.264103651,1.563682675,62.30810547,61.93997192,62.86731339,111.1766968,109.4018173,107.6856842,73.30049896,74.20427704,71.70308685,36.00927734,34.77183151,35.0409317,0.103276447,0.094486296,0.188019723
563.9699707,0.123750128,0.219981045,0.13590996,1.180146933,1.263721943,1.750787377,1.425462604,1.409981966,61.92485809,63.61995697,61.31753159,109.5436096,108.3850327,106.0656738,69.70792389,67.73419189,68.03245544,34.98973846,36.19094467,33.83545303,0.184105039,0.095154062,0.077820338
565,0.100140199,0.094367951,-0.025940113,1.43075788,1.333659768,1.289275885,1.554525018,1.365528703,58.38753128,62.66285324,59.30272293,102.0059662,104.8485336,103.9291306,67.41234589,67.14292908,69.17847443,33.1409874,33.59954453,35.92773438,0.361745805,0.233378276,0.08637891
566.0200195,0.076797701,0.110284448,0.1433305,1.446460247,1.244644642,1.220684171,1.159445643,1.502440453,58.62746429,58.14563751,58.90700912,103.2506256,107.6358643,101.1669998,66.05906677,67.21457672,67.01148224,33.91508865,34.89724731,34.21644592,0.085794203,0.097213507,0.311750382
567.0499878,0.052626498,0.194010362,0.051283363,1.299981236,1.278607726,1.360058427,1.487168789,1.102478385,58.73472595,59.73080826,57.28414917,100.3500519,101.7688828,99.06235504,65.61802673,67.07706451,66.02462006,32.62126541,35.06764603,32.4818573,0.09365768,0.21291092,0.270595819
567.9400024,-0.008718091,0.096326463,0.051416084,1.602334261,1.11534369,1.44851315,0.669260442,1.06309104,59.09224701,56.45201874,61.09041214,97.3086319,99.79427338,95.37915039,64.13289642,67.05121613,65.02320099,33.43891144,33.72339249,32.54911041,0.228526935,0.10374251,0.230226129
568.9699707,0.044215702,-0.033612881,0.105260395,1.183097124,1.115140438,1.257689476,1.601745486,1.227534056,54.73987579,55.80957031,55.96897888,96.09983826,96.41651154,95.0783844,64.12030792,64.84472656,62.19046021,34.55151367,31.78147888,31.49639893,0.323701799,0.042594519,0.035671286
570,0.169286147,0.041885868,0.144691929,1.329417467,1.241997004,0.953567267,1.145504355,1.388131857,59.45592117,55.02686691,55.5583992,94.52323151,95.24876404,95.36602783,64.59471893,64.40061951,58.89360046,31.09300041,32.3600502,29.59176826,0.367342413,0.215770215,0.130206063
571.0200195,0.008911464,0.150107727,0.096417643,1.175565124,1.01419878,0.848668158,1.377879024,1.520964503,57.17327118,53.30236435,52.50319672,96.14473724,93.55522156,94.22810364,62.94060516,61.25684357,61.31330109,31.47649765,31.52083588,31.49684525,0.214819089,0.092822298,0.084636018
572.0499878,0.126649842,0.025477491,0.151072159,1.044626474,1.645346045,0.718737066,1.458876848,1.069107056,52.81011581,49.31729126,54.77653503,94.8783493,93.02837372,92.35501099,60.997509,58.4541893,59.94934464,31.06587601,29.62518311,30.63761902,0.086321495,0.255358249,0.068264626
572.9400024,0.008926101,0.04255826,0.215161115,0.966289163,1.2349931,1.324559927,1.808863521,1.113114834,52.51658249,51.56381989,51.81892776,89.13492584,87.52777863,90.78692627,60.8522377,61.04661179,59.3937149,29.09381294,29.1233139,29.4976387,0.008577066,0.106508561,0.09907411
573.9699707,0.103928499,0.157579571,0.078170463,1.348108888,1.009612918,1.272697091,1.002284765,1.090168834,50.24053192,51.44681168,49.40041733,90.87931824,89.67625427,91.52433014,58.19003296,56.66433334,58.58438873,31.08033752,30.69400978,28.67386627,0.2406739,0.033621356,0.042717516
575,0.198614866,0.110659957,0.194214106,1.204678178,1.459642172,1.310017943,1.510091662,1.012760758,50.55341339,48.71501541,50.11782837,88.57576752,86.80728912,83.46450043,56.15007782,58.96700668,58.90439224,29.0874176,28.10137939,31.25778198,0.076310635,0.059939716,0.086515673
576.0200195,0.027250925,0.183157817,0.092464171,1.001042724,1.478910565,1.180006027,0.819336355,1.200277209,48.56892776,47.64555359,49.49093628,85.90657806,86.86229706,84.4977951,54.71709824,54.77453995,55.16452789,27.2560482,28.56752586,28.86120796,0.041801825,0.052006137,-0.008592173
577.0499878,0.12364652,0.135688663,0.2012005,1.044377804,1.12605679,1.265767932,1.155295014,0.974576294,45.24956131,47.83212662,50.13386917,81.47825623,81.56597137,82.89873505,53.38224792,55.21233749,54.50566101,28.5680027,30.06223679,28.91564178,0.116823398,0.225227177,0.12813504
577.9400024,0.238178119,0.130026609,0.120256312,1.54141295,1.678331614,1.486814976,0.668336093,1.100814104,46.19865799,48.75417709,47.45581055,84.52446747,82.98483276,83.09445953,56.59867859,57.48980331,54.78662491,26.93473434,29.14232254,25.98163033,0.217587784,0.24323757,0.095435575
578.9699707,0.035097882,0.164726079,0.168260947,1.356524706,1.004799724,1.322245359,1.481547594,1.081670284,47.58587646,47.37093735,43.77456284,81.09763336,80.08370209,83.03559875,52.20553207,54.33374405,53.88404465,26.76306152,26.34256363,27.51964569,0.185030997,0.112972744,0.271610558
580,0.097965874,0.071064368,0.108407408,1.052998066,1.05149734,1.259095907,1.067728162,1.135044932,46.95587158,46.18201447,45.84033966,78.88506317,79.9274292,78.59570313,50.88130569,53.7435379,53.47001648,26.54550171,25.51258659,27.159935,0.26109001,0.135836124,0.274047703
581.0200195,0.042696722,0.097808212,0.059639439,0.947947502,1.170897365,1.343663096,0.904468775,1.16444242,45.03744507,44.81053543,42.72281647,78.99185181,77.86632538,77.63696289,50.2003212,50.2616806,51.79597473,25.95385933,26.10499573,25.09597969,0.09297058,0.114541479,0.104640819
582.0499878,0.034776259,0.059463136,0.058522556,1.349926233,1.023798943,1.200233221,0.764597416,1.1520257,40.82940292,44.78656769,43.39183807,74.18530273,74.36423492,74.05536652,48.18169403,48.61229706,49.02472687,24.65621567,24.83467102,25.94315529,-0.008430707,0.14599669,0.133003488
582.9400024,0.207495794,0,0.101607084,0.863326252,1.015157938,1.051091433,0.955999136,1.159550905,43.01338196,42.7387619,42.6219101,73.0169754,73.46427917,73.38400269,48.44311142,48.98093414,46.89781952,26.56777573,24.47504425,24.97502327,0.312748313,0.206752181,0.077934898
583.9699707,0.043218572,-0.017393421,0.025374485,0.927925527,1.074588656,0.828576684,1.001799822,1.329056382,44.43585205,42.90174484,41.24916077,70.67743683,69.27597809,71.97076416,47.84014893,46.64079285,48.43454742,24.97584343,24.18631363,23.62534714,0.192987025,0.213777527,0.103330694
585,0.094547205,0.077782668,0.051499937,1.324972868,0.674228966,0.80793798,1.374727964,0.946707904,38.86988831,39.23751068,42.02785492,68.85858917,72.48564911,67.59600067,44.49181747,47.02589035,43.99106216,22.5222168,24.203722,24.17928696,0.228364572,0.137108386,0.181969434
586.0200195,0.051936362,0.016591728,0.025711788,0.723077774,0.836661339,1.18200314,1.142953873,1.114903092,39.97569656,40.50300217,38.81386566,69.68655396,68.96085358,68.28562164,45.68764114,47.97446823,48.05521393,21.4921608,22.7802906,22.00996399,0.141932786,0.187451005,0.342026502
587.0499878,0.103887111,0.160214514,0.091808975,1.121635079,0.641311109,0.76452601,0.991554678,0.887536466,39.62076187,38.04973984,38.415905,67.83411407,67.69959259,66.21157837,44.30983353,42.63841248,44.35160446,22.80741882,22.42259598,23.56707191,0.258859694,0.103264891,0.256230682
587.9400024,0.034525618,0.118952535,0.08646106,0.591247857,1.023219228,0.719120145,1.022935748,0.780077457,37.56456757,39.7490921,41.11254883,65.82042694,63.67760849,65.85175323,42.58010101,44.44538498,43.16407013,23.64062119,24.0601902,22.86823273,0.146354899,0.112074763,0.178513736
588.9699707,0.043529741,0.118124515,0.194963172,0.871006429,0.750135243,1.287068009,0.965526521,0.992301166,39.87472534,40.007164,37.30229568,65.16078186,65.01678467,63.66905594,42.23817444,41.56538391,43.85994339,22.75315666,21.41113091,21.65184212,0.152625158,0.16192399,0.193371549
590,0.348860532,0.109633401,0.237010956,0.759738863,0.818451762,1.085555315,1.189040303,0.950822771,37.28252792,35.22238541,36.01491928,64.17340088,62.3596077,63.60159683,41.04984665,41.09923935,40.21434021,21.03294563,22.04794502,19.94709206,0.201535016,0.212673649,0.175724864
591.0200195,0.085597388,0.042010099,0.076948725,0.930959344,1.031400442,0.918559969,0.754050851,1.006470203,37.90951538,35.81348038,36.36271286,62.3057785,62.59805679,61.75809479,40.4641037,41.30878448,38.85942841,22.03166962,21.10967827,20.59976387,0,0.117552228,0.017025333
592.0499878,-0.00868606,0.174641982,0.100912415,0.617827296,0.957223535,1.130075932,0.723231316,0.62747854,36.51800919,35.93135834,34.56085205,63.23381424,62.05288315,61.82368469,41.32834625,37.89267349,39.74764252,20.32893944,19.18402672,21.05924988,0.100369699,0.259325266,0.112906024
592.9400024,0.112550214,0,0.147297099,1.034514427,1.057350278,1.298463702,0.770319223,0.701420367,33.69638824,34.13723373,34.32198334,61.68881989,56.74796295,60.1283226,38.77815247,40.18326187,40.04211426,19.54047775,19.04113388,19.6007843,0.261948198,0.120886616,-0.033907212
593.9699707,0.155283511,0.214702144,0.068640657,0.749269426,0.767978072,1.105064154,0.852612317,0.932005584,33.25479889,33.26915359,35.40343094,60.06125259,57.6188736,60.40159988,39.26763535,34.59460449,39.24917603,20.49895096,18.62073708,19.35128593,0.272307992,0.060174681,0.094035581
595,0.07660944,0.050110243,0.033627011,0.665828228,0.801771164,0.822948515,0.819198549,0.951611042,32.27471924,31.46867752,34.29965591,54.29471207,56.40951157,57.69543457,37.58579254,36.96592712,36.32632828,18.9678669,18.24176216,19.55078316,0.120263547,0.095579036,0.370966792
596.0200195,0.060306355,0.024893787,0.033454325,0.85348022,0.506153762,0.646971881,0.602824688,0.917446911,32.00362396,32.5542984,32.76644516,58.70344162,56.0423851,53.99048996,36.55718613,36.39042664,36.92340851,19.35450935,19.02091789,17.82961655,0.202623531,0.060113698,0.068028942
597.0499878,-0.035153709,0.160843834,0.133364454,0.837797344,0.807249606,0.814021945,0.747735798,0.592166483,31.99551201,30.62242126,32.4968605,55.65329742,56.37051773,55.31676865,36.65014648,35.25305557,34.80252838,18.64212227,19.5700798,17.82568741,0.034353342,0.170941636,0.309628606
597.9400024,0.102477387,0.04168091,0,0.802534699,0.655029535,0.715575695,0.763086975,0.813890398,28.76210976,31.44042587,31.65015221,54.16272736,52.52106094,53.02519989,32.69771194,36.20365524,36.1971283,18.9288578,18.50427246,18.94694519,0.236129507,0.042836457,0.076890871
598.9699707,0.026383599,-0.049960032,-0.025021685,0.722549498,0.724814892,0.829903066,0.512334466,0.810940921,29.02532196,31.79972267,30.17824554,49.07230759,50.31734848,52.23018265,35.03720474,35.0135994,33.2246666,16.99124527,17.60900879,16.18512917,0.135971174,0.033719137,0.111001059
600,0.017599283,0.066445179,0.00846862,0.725805759,0.87375176,0.83053571,0.725108147,0.689090788,30.07058907,30.73358727,29.92116737,50.93645096,50.70778656,48.95824051,34.51655579,32.65950012,33.74599457,18.92014313,16.68799591,16.4649353,0.072417855,0.181444302,0.170794204
601.0200195,0.068975031,0.125173166,0.067215592,0.593206525,0.921066344,0.920151293,0.779286087,0.487985462,28.41569328,28.96059799,26.54064178,48.69268036,50.56189346,50.16433716,31.73070335,33.41505051,33.33884811,16.81819344,17.32210922,16.16297722,0.094619587,0.111320436,0.042957172
602.0499878,0.112413958,0.110637352,0.026250163,0.612140834,0.510239959,0.90029645,0.956022918,0.552519023,27.3392601,28.31356621,29.98410988,48.56756592,49.32356262,48.04028702,32.89120483,31.63193893,31.83263969,15.68313885,16.15478516,15.9162674,0.162436202,0.217209682,0.121219471
602.9400024,0.077501357,0.050371066,0.083758406,1.085664988,0.777639747,0.817365229,0.887869775,0.63983345,27.78218079,29.11430168,27.45565987,46.92544556,47.47764587,48.9104805,29.36544991,32.21599579,31.57642555,17.63669968,15.38134193,15.58492565,0.076100931,0.058276996,0.079212107
603.9699707,0.025747316,0.050290849,0.033535384,0.961156905,0.91933912,0.733844757,0.910025418,0.658272326,27.50112343,27.90746117,25.98519325,47.68143082,44.69526672,46.20256042,30.47055817,29.94129753,30.84269714,15.6765976,16.33965492,14.87850189,0.189265221,0.101559788,0.050996989
605,0.052268907,0.016725065,-0.00843213,0.816656351,0.552587986,0.667168438,0.838882625,0.52643013,27.67896843,27.5964241,25.3878231,46.93666077,45.22124863,43.97281265,29.68081284,30.44159126,30.38693237,14.64572716,14.95013809,17.68096733,0.02588751,0.101916023,0.033846673
606.0200195,0.110585593,0.117156774,-0.050685521,0.493268609,0.891405821,0.860915303,0.361395717,0.723201156,25.9843998,24.82553291,27.10717392,42.14430237,42.91522217,44.54784393,30.32815933,27.27234268,29.2365303,15.21336746,14.53842258,15.83950233,0.148557246,0.143317193,0.061041545
607.0499878,0.07738208,0.08537741,0.066940002,0.486024648,0.569942653,0.656195581,0.476210713,1.007595062,25.46399879,24.60889816,24.02243042,43.23427582,43.81460953,44.77053452,29.25289345,26.68940926,28.73428345,13.67785168,15.01889896,14.92423534,0.153352022,0.058553398,0.184894964
607.9400024,0.140566662,0.041839253,0.041911148,0.555926204,0.642014504,0.685876846,0.585613132,0.800887644,25.40848923,24.96973419,22.89031982,40.86012268,40,42.772686,27.890028,29.6722908,27.1771965,14.50861359,14.29421711,13.92008781,0.068998829,0.217894137,0.084911987
608.9699707,0.068163417,0.091533184,0.075172894,0.400633901,0.836672664,0.737925053,0.628340781,0.541773319,24.05480576,23.29323387,23.85999489,40.5575943,40.33792114,39.05971527,27.9159565,27.476017,26.19151115,15.13348007,13.84765911,14.39981937,0.103766732,0.02493206,0.111831807
610,0.102606192,-0.025266774,-0.059352212,0.53276968,0.513918638,0.91765517,0.328205854,0.792267442,22.40497017,23.65746117,23.90894508,40.07310104,42.41537476,38.66819,28.25274086,27.34727287,27.53506279,13.48398304,13.68448067,14.40109158,0.149128035,0.049798731,0.195082232
611.0100098,0,0.025248488,0.076370858,0.275356472,0.742935419,0.724173904,0.488645405,0.477848321,22.25391388,22.80867004,21.93779564,37.35552597,38.18181992,39.67760849,26.38805199,26.23906708,25.09476852,12.53334236,12.62230778,13.04023838,0.15457277,0.075266562,0.214795083
612.0200195,0.025411669,0.058154989,-0.016747193,0.441741139,0.442155629,0.620690227,0.596181035,0.276081324,21.52202797,22.26761627,22.14498901,37.71213531,37.54870224,37.23390961,26.28840828,24.0769062,24.56316566,10.90160656,12.47378349,13.01116753,0.15078944,0.118563689,0.234865829
613.039978,0.025736934,0.093028761,-0.008368901,0.918155491,0.47614342,0.688978076,0.411374509,0.761234522,21.6093998,22.22693825,20.37500381,36.90768051,36.98333359,36.90021133,25.80785751,25.59163666,22.94278908,11.84392071,11.61340714,12.46545696,-0.017692538,0.085977867,0.016773175
614.0499878,0.153792262,-0.008288643,0.008295726,0.728787959,0.760562658,0.681244791,0.484014988,0.693938732,21.33682632,20.50876045,23.01884842,36.11222839,36.24370575,35.20277786,24.35660553,24.88643456,21.84071541,11.82018185,13.23292351,11.82743073,0.052869957,-0.008443235,0.068306595
615.0700073,-0.025727002,0.049516797,0.127472967,0.85197556,0.679495812,0.703959763,0.449166447,0.64244777,19.98526001,21.34923172,20.95910645,34.79616165,35.2812233,33.95500565,24.32800674,23.74933815,24.54639816,11.66923428,12.09133053,12.53175163,0.102113761,0.101223968,0.061119892
615.9400024,0.042601049,0.008280545,0.107438907,0.706196666,0.617178083,0.62608397,0.580363512,0.479058296,19.38804436,20.69525719,19.5856514,33.18473816,34.42066193,35.33224106,22.20575523,23.44075966,22.47400284,11.60910034,11.0276022,11.67722034,0.111961834,0.099840254,0.077207491
616.9500122,0.103157476,0,0.050682522,0.6190992,0.50342238,0.558538139,0.395686179,0.512233853,20.76930428,20.45900917,19.43623734,34.92637634,35.4355278,35.31938171,21.99144363,21.03717422,21.21183968,11.71416378,11.17411995,11.07897663,0.113312475,0.074984998,0.190306485
617.9699707,0.042331982,0.058977664,0.143272504,0.668800056,0.561953187,0.562946022,0.484697998,0.775801897,18.20109558,18.35042,19.25577354,34.59289551,31.15725708,32.66889191,20.33443832,19.55983734,21.63032341,11.34731483,11.91610241,11.02164745,0.069072105,-0.016908458,0.137752906
618.9799805,0.0686436,0.050270624,0.067422934,0.689601004,0.591037393,0.665347219,0.384037405,0.787360251,17.4408226,18.30057526,18.60382462,31.23901558,31.1494503,32.59347916,19.93369675,20.56119347,20.60231209,11.19035912,11.4787817,9.856692314,-0.017320367,0,0.120598167
620,-0.042642832,0.016613226,0.041729957,0.704060078,0.607062101,0.63733238,0.497525454,0.381715804,17.22195244,18.15366554,18.50357246,31.91368294,30.83254051,31.31148148,19.59125519,21.8313961,18.85230637,9.581964493,10.45767021,10.58467293,0.017248517,-0.017259384,0.168561593
621.0100098,0.100931935,0.033519086,0.033557046,0.576460362,0.554689765,0.441178978,0.680416763,0.473463714,16.46290016,16.60151291,16.22507286,31.51519203,31.33138657,29.3778801,20.56151772,20.95873451,20.50440216,9.519158363,10.49835205,10.27038288,0.161019683,0.161666349,0.077010617
622.0200195,0.017014906,-0.024940144,0.067900762,0.572595716,0.523185909,0.584107161,0.533310413,0.575507402,17.54195213,15.95947742,16.07532692,29.65250587,30.19646835,30.38148117,20.67974281,17.14135551,18.67043877,9.603340149,9.467754364,9.099947929,0.095414057,-0.008671824,0.085107826
623.039978,-0.0085089,0.049486168,-0.042786971,0.414439768,0.504471839,0.496963441,0.488495112,0.402989119,15.04190826,15.88336563,16.86105347,28.54024124,28.20829964,28.58604431,18.47424316,19.53207779,19.13161469,9.830523491,9.361574173,9.935807228,0.07857997,0.186173514,0.034066036
624.0499878,0.034180146,0.090918861,0.008328891,0.562113524,0.587019026,0.690225244,0.553129792,0.454719722,15.11286545,14.91972065,14.74695587,27.75728989,27.24954987,28.59193611,19.10698891,18.37676239,17.72104263,9.07374382,8.743700027,9.494971275,0.272016347,0.096531875,0.042637378
625.0700073,0.136057884,0.082675375,0.025220893,0.592661321,0.784026325,0.573796094,0.458563685,0.483405978,14.90471935,16.56671715,15.63417339,25.84926605,26.37865257,26.33198929,17.03773308,16.9226284,19.11725807,9.863541603,8.944529533,8.263502121,0.060128156,0.008745234,0.050819892
625.9400024,0.059994169,0.066087849,0.059905861,0.410242379,0.682464123,0.403792292,0.587599933,0.4873676,15.61052227,14.97630024,14.30930996,27.13605309,25.56460953,26.84388924,17.18771935,18.99850845,16.75466537,9.340261459,9.382780075,9.657439232,0.094342858,0.053362742,0.017442875
626.9500122,0.043206248,0.075113922,0.084410265,0.400417835,0.600605965,0.477188677,0.457760751,0.52782774,14.71172905,14.68229008,15.18133736,25.97049904,25.03314018,25.76521111,17.51303101,15.65186691,17.16924858,8.047123909,9.809370041,7.824345589,0.076669477,0.008887941,0.052227959
627.9699707,0.094741017,0.0912598,0.02513426,0.454822421,0.306936771,0.504080415,0.414145172,0.555989921,14.29258728,15.4921484,14.84932518,24.92775154,23.67881966,24.20070076,15.4209528,17.54886627,17.16561699,7.857461452,8.376572609,8.331660271,0.293668002,0.119869165,0.087768577
628.9799805,0.034429334,0.008359177,-0.025114691,0.9799034,0.531354129,0.399099886,0.151175395,0.449640304,13.23102379,13.23099327,14.15018368,25.8891468,24.34890747,24.8747406,16.24632835,16.43055725,15.84203339,8.61772728,8.690983772,8.318634987,0.102716863,0.017274139,0.02597785
630,0.06804052,0.025466895,0.042363185,0.195959821,0.380804002,0.400391877,0.4581348,0.492022187,13.96192741,14.2033844,15.27385902,21.71385193,24.33320808,22.71414566,15.68482399,14.50949192,14.13535118,7.928719044,8.017802238,7.785835266,0.092984721,0.017122995,0.08698754
631.0100098,0.068105392,0.193264321,0.066364154,0.562698245,0.580759764,0.489720076,0.383314729,0.420584083,13.25789833,14.02206993,12.87904453,22.51690483,23.59910202,23.82626915,13.99904251,16.17250633,15.20498943,8.395828247,7.937962055,7.856293678,0.094750807,0.093905531,0.129256859
632.0200195,0.042784411,0.093475416,0.05049485,0.398350149,0.531664014,0.377941638,0.306897521,0.442040682,12.82356262,12.01961899,12.50589943,21.78432274,21.6354847,21.2401123,15.16711235,14.91367722,15.65356922,7.880460262,7.08140707,7.619453907,0.119107373,0.21926865,0.113205902
633.039978,0.069115669,0.025010839,0.051126052,0.829017341,0.499113172,0.520473361,0.322756022,0.310299367,12.63311386,13.37985229,13.21612072,21.64056015,21.29765892,23.17167091,13.85131645,13.06997204,13.74335003,6.89782095,6.890596867,7.66102314,0.059856687,0.033749294,0.059797373
634.0499878,0.008770776,0,0.024867991,0.637925506,0.530660927,0.534178972,0.223896667,0.441341311,12.45607662,13.22337818,12.02515507,21.74077988,20.58963013,20.72556305,15.13570786,13.4933672,14.48089504,6.929470539,6.930751324,6.745855808,0.333760768,0.008430495,0.045592982
635.0700073,-0.03456261,0.008411136,0.0083661,0.424491435,0.466998756,0.222254515,0.374362946,0.394781709,10.8946991,12.58668995,11.23753357,21.3137207,20.88453102,18.85907555,12.78158474,13.44996643,13.69497013,7.549451828,6.033170223,6.902958393,0.106790066,0.135035902,0.052861575
635.9400024,0.128212795,0.042431492,-0.01654903,0.324174017,0.559741616,0.532463372,0.429947972,0.584489226,12.4580946,11.30410385,11.82976151,20.16874123,19.99605751,21.1288414,14.08474922,13.26054382,12.81425285,6.432228088,6.893900871,6.856711864,0.052265719,0.069002993,0.145006642
636.9500122,0.061044209,0.017213333,-0.008527185,0.531869233,0.593300819,0.46895355,0.741002739,0.716807842,10.43966389,11.8966608,11.56267834,19.38871765,18.71062279,19.48308182,12.12420464,12.15376186,12.06513214,6.65398407,6.536445618,6.828586102,0.145838872,0.05906425,0.060414616
637.9699707,0.132863298,0.059585117,-0.050446451,0.386757433,0.588917911,0.735596001,0.32022652,0.29095912,10.69349194,9.16103363,12.1976738,19.43056488,19.15421104,17.29671288,13.70627403,11.64217758,12.31333542,6.142983437,6.164849758,6.968129635,-0.017905744,-0.008697241,0
638.9799805,-0.025925318,0.017291464,0.067173831,0.638124585,0.455823779,0.323152572,0.332121253,0.358621895,10.98375511,10.7902956,11.18586159,18.56759453,18.42199135,17.06120491,11.68404484,11.38885593,12.31862831,6.830934525,6.058541298,6.368330479,0.120733373,0.104784273,0.096370339
640,0.017495822,0.017019827,-0.025190396,0.423494428,0.256362051,0.546101511,0.335500121,0.439128071,10.87669086,10.6369381,9.950163841,18.96168709,16.92147636,18.71666908,12.58792686,11.53977013,12.53109741,6.753976345,5.806768417,6.397862911,0.025623724,0.084693372,0.076583363
641.0100098,-0.00865007,0.04212087,0.025146058,0.182030946,0.525314152,0.223411769,0.236806482,0.194866166,9.5327425,10.19447041,9.699859619,17.68960381,16.61075401,18.08772469,11.21437359,11.92414188,11.72069359,6.452486038,6.123533249,6.186012268,-0.008865169,0.084171541,0.130303353
642.0200195,0.060704343,0.042485576,-0.02526252,0.302401573,0.474747747,0.642227292,0.284197778,0.299319267,10.68976498,10.29513264,10.12879467,18.61973381,18.12178612,17.40406418,11.09735775,11.20140171,11.78685665,5.796455383,6.343864441,5.855674267,0.166971311,-0.00852515,0.087133817
643.039978,-0.070470296,0.008390881,0.041938569,0.439612448,0.495178521,0.363715082,0.387714505,0.308320105,9.63895607,8.980436325,9.658133507,14.42567062,15.56351471,17.97013092,11.23853207,10.71586227,11.78269577,5.858205795,5.2128582,5.579329014,0.145838872,0.017059607,0.070145905
644.0499878,0,0.008575226,0.074809238,0.565692008,0.394876897,0.646034837,0.291130811,0.305650175,8.857640266,9.463212967,9.689539909,16.38187981,16.47348595,16.13456345,10.85592842,11.45519447,11.40109444,5.580701351,5.399362087,5.211164474,0.097930111,0.077344172,0.017518044
645.0700073,0,0.017136639,0.041264679,0.334686011,0.372391105,0.396565378,0.289275557,0.327299506,8.971959114,8.26495266,9.73371315,14.78172112,14.79305077,13.96074677,10.07871056,11.21381474,10.39883423,4.933705807,5.625549316,5.589194298,0.060895514,0.154876024,0.113151714
645.9400024,-0.008642967,0.01743269,0.067467846,0.534943938,0.395647854,0.365258694,0.160948753,0.311637044,8.254307747,7.744855881,9.674152374,13.71519089,14.67311954,15.21121025,9.667817116,10.23138809,10.74803257,5.253295898,4.558623314,5.167459011,0.115120649,0.025454361,-0.035683066
646.9500122,0.008684778,-0.008681687,0.016768254,0.424246103,0.28244099,0.412175834,0.391296208,0.158177793,8.971687317,8.448195457,7.71439743,13.98300838,14.83697319,14.00974083,10.02233696,10.23280048,9.021725655,5.934894085,4.997237682,4.980257988,0.098141558,0.04265156,0.179317519
647.9699707,0.06945771,0.025570652,-0.033505891,0.313718826,0.496954024,0.174340561,0.350769103,0.329743743,8.115305901,8.412962914,8.146449089,14.86922455,13.9744091,14.15650845,9.930841446,9.828865051,9.689777374,4.022074699,5.247041225,4.440196991,0.097841263,0.034216404,0.050343595
648.9799805,0.017570678,0.025097672,0,0.386720359,0.251284599,0.543249726,0.269573569,0.304844499,8.261646271,8.324774742,8.302186012,14.65750885,14.70427322,14.05519676,8.78500843,9.910427094,8.469873428,4.100795746,4.741012573,4.424102783,0.106745422,0.101242751,0.049914312
650,0.026260505,-0.050079294,0,0.505595207,0.284169108,0.175246447,0.243834764,0.465717971,7.306898117,7.880895615,8.591079712,13.61363792,14.1215086,13.96613121,9.014755249,10.28286171,7.870557785,4.5507617,4.069962978,4.339363575,0.121703148,0.115320303,0.101860657
651.0100098,0.026364356,0.085404389,0.058204796,0.287807435,0.466489106,0.403766215,0.24620086,0.422413766,7.301267147,7.709512711,7.14058876,12.79942703,13.1427536,13.78848362,8.505605698,9.514123917,7.387683868,4.522825241,4.469377518,4.319012165,0.10279429,0.083553359,0.025224073
652.0200195,0.043825049,-0.068936989,0,0.355441213,0.302184612,0.400878459,0.37074399,0.354888588,6.290856838,7.085602283,7.290690899,12.58612728,13.51974201,13.89800072,8.009811401,8.741562843,7.497340202,3.589456081,4.832528114,4.579186916,0.052776482,0.041598376,-0.008586196
653.039978,0.03525316,-0.016723948,0.04135786,0.248194173,0.209068343,0.350152314,0.349194706,0.264669985,7.259143829,8.281356812,7.996831894,12.56978416,11.93089867,12.48350716,8.576403618,7.764761448,8.692660332,4.35584259,4.554098606,4.06186676,0.095177934,0.11610838,0.099338569
654.0499878,-0.017448962,0.016925342,0.016530702,0.315258503,0.322938234,0.532341957,0.434433907,0.282800585,7.177577972,6.340965271,7.143780708,13.12534904,10.88253307,11.14550018,8.909696579,7.685397625,6.541514874,4.858053684,4.409528732,3.672674179,0.098596349,0.118121527,0.016874932
655.0700073,0.017275482,0.025615847,0.016883479,0.178770572,0.320531756,0.282194406,0.259646714,0.151330441,7.230398178,7.521719933,6.755417824,12.3360548,11.08268642,12.69643688,8.082792282,7.405757904,7.399291992,4.185386181,4.359197617,4.670980453,0.025997661,0.067404747,0.008486443
655.9400024,0.043327183,0.034146592,0.025064332,0.288485199,0.536136508,0.352641195,0.229656279,0.26696521,7.292156696,6.54336834,6.73940134,12.28290844,11.87562752,11.02351379,8.306232452,6.83291769,6.961538792,3.343773842,4.748133659,3.320828438,0.050712511,0.136023194,0.083605751
656.9500122,0.051947601,-0.052449845,-0.008577728,0.202632532,0.352233678,0.327586204,0.280450076,0.444486231,6.066298485,7.248606682,5.627849102,11.81042099,11.07123566,11.88378429,8.627923012,7.373202801,7.41806078,4.522448063,3.910670519,3.733381748,0.086279042,-0.034164675,0.01665584
657.9699707,-0.068763971,-0.016663473,0.042841598,0.363246232,0.389226228,0.372607291,0.116078533,0.364125967,5.904550076,5.411869526,5.3927598,10.92034054,11.47917938,10.5912981,7.327248573,7.425658703,7.279204845,4.006897449,3.799462557,4.500891209,0.060375538,0.05954406,0.096152164
658.9799805,-0.034862641,-0.033646811,0.042063821,0.291203082,0.446888953,0.351253092,0.338882536,0.273142427,5.345192909,6.06808424,6.345594883,10.79684448,10.39277649,9.802868843,7.759123802,7.71781683,6.174258709,3.190403223,3.485643864,4.061910152,0.033838086,0.067937091,0.208599523
660,0.042978957,-0.043282546,0.041505143,0.375772893,0.277585,0.401943952,0.375138551,0.287938029,5.964513779,6.226587296,5.773720741,10.15491104,10.06616879,10.76683807,5.582157135,7.780529022,6.236660957,3.559714079,3.636912107,3.410976887,0.137834787,0.017410381,0.059386954
661,0.102389082,0.025339978,-0.049802862,0.43581748,0.26997155,0.244911298,0.312727153,0.318167359,5.823254108,4.734792709,5.901738644,9.039993286,9.974212646,9.443808556,6.693736076,6.36006546,6.787102222,3.7400105,3.461814404,3.246973991,0.008530167,0.110646777,0.051634222
662,-0.008504558,-0.084968261,-0.042695269,0.324038565,0.21835345,0.227102011,0.404530764,0.172642991,5.062331676,5.600540161,4.638505936,9.437112808,7.956805706,10.19890404,6.217535019,6.231699467,6.636962414,3.06118989,4.370862961,3.941912174,0.09592995,0.060533211,0.033963066
663,0.016867246,0.043154042,0.084502995,0.345746458,0.380119741,0.34797436,0.318326116,0.279317796,5.716622353,5.367066383,4.859326363,9.723923683,9.506637573,9.162878036,6.600491047,6.531814575,5.8199687,3.321366787,3.095447302,3.404580593,0.101813987,0.051328115,0.09246029
664,0.008318844,-0.02600893,0.025155334,0.117605552,0.481984764,0.199010149,0.272988647,0.093674421,5.731993198,5.253690243,5.150371552,8.621786118,8.673071861,9.120905876,6.589501858,5.423832893,5.806516647,3.07986331,3.125969172,2.958825827,0.076742694,-0.051683594,-0.041591454
665,-0.034062848,0.017374987,0,0.347004771,0.325861991,0.48089534,0.116509378,0.312236279,4.961392403,4.890490055,5.623234272,8.773846626,9.118359566,9.060434341,6.517436981,5.411676884,5.464571953,3.497773886,3.424315214,3.229599714,0.025535826,0.086220272,0.085090451
666,0.042629018,0.008660333,0.051010866,0.136264145,0.246056736,0.203884438,0.184256151,0.176189274,4.142572403,4.94101429,5.095799446,8.644579887,8.712718964,8.351633072,5.753269672,5.953402519,5.106786251,3.445038557,2.739288568,2.913208008,0.035149384,0.215796292,0.008395601
667,-0.025508253,0.017495058,-0.058618121,0.477995426,0.2673935,0.061626226,0.125098005,0.166067943,4.763814926,4.501727581,4.922475338,8.872306824,8.062348366,7.74193573,5.542053223,6.146318913,4.994516373,3.336035252,2.874695301,2.617176056,0.111592777,-0.060673825,-0.00865561
668,0.050522912,0,0.108790249,0.281016082,0.30845952,0.061158337,0.22396031,0.187868804,4.587748051,4.189932346,4.426270485,7.954155922,7.530857086,7.909690857,5.852738857,5.333799839,5.123157501,3.273720026,2.497258186,2.428941011,0.042607944,0.017500263,0.103697687
669,0.139096558,0.008598009,0,0.229791135,0.423692882,0.369920194,0.29653731,0.127175763,5.037052155,4.583562851,4.700520515,7.856914043,7.651984215,7.599105358,5.422032356,5.123519421,5.182497025,2.921877623,2.755810261,2.566808939,0.060071915,0.094502531,0.068054408
670,0.052253883,0.052081525,0,0.196611449,0.369111389,0.154588699,0.118292198,0.4688721,4.323050022,4.318274498,4.54940033,7.435870647,6.596488953,7.65083313,4.25587225,5.387452126,5.454144478,2.96701479,2.388800144,3.152212858,0.101576984,0.026244652,-0.042853344
671.0100098,0.077800833,-0.111852005,0.083870098,0.377159894,0.201112241,0.38041985,0.262522757,0.26771912,3.730284929,4.426682472,3.797392845,6.833521366,7.84553051,7.156749725,5.478623867,4.629999638,4.541373253,3.220759392,2.536259413,2.181097746,0,0.018074848,0.033525266
672.0200195,0.075875089,-0.042331629,-0.050800961,0.213179842,0.346644491,0.294936657,0.210439548,0.169439837,3.97074914,3.636210918,4.486217022,6.372736931,7.842010975,7.594157696,5.431621552,4.411315918,4.423494339,3.215107679,2.178167343,2.673774719,0.03371999,0.119997606,0.050173938
673.039978,0.042355292,0.025501097,0.04987365,0.37923187,0.15287663,0.309337556,0.373628616,0.219520435,3.923106909,3.628914356,3.917872906,7.046967983,7.152549744,6.62761879,5.034743309,4.841284752,5.024379253,2.233592033,2.772837877,2.732853174,0.145078436,0.026454095,0
674.0499878,0.026035789,-0.026083101,-0.041779123,0.259275585,0.21140933,0.237083197,0.146338522,0.094718985,3.829866171,3.863538742,4.079755783,7.055728436,6.555565357,6.726754189,4.695439339,3.902464151,4.798398495,2.337043762,2.676265717,2.532936573,0.008613933,0.026157696,-0.033899743
675.0700073,0.083698817,0.051977303,-0.016522644,0.296690613,0.272493482,0.242438942,0.230717957,0.264293134,3.649223804,3.962162495,4.650158882,6.825252533,6.854691029,6.401801109,4.278269291,4.976119995,4.098503113,2.402508736,2.27790451,2.518259525,0.008537012,0,0.05200839
675.9400024,0.042771231,0.017144866,-0.024834642,0.286450863,0.442155629,0.328614324,0.188043833,0.263836533,3.513082981,3.31567812,3.909553051,6.602119923,6.393557072,7.413333893,4.079949856,4.252241611,4.46071434,3.137404442,2.466380835,1.76922369,0.034042843,0.069319882,0.154339522
676.9500122,0,-0.069459513,-0.034742128,0.15569815,0.328197181,0.25249669,0.179660693,0.144822598,3.864651918,3.598290682,4.587925434,6.09766531,5.768942833,6.232615471,4.775362015,4.048093796,3.749034166,1.989684343,1.963037729,1.970792651,0.141558141,0.060365643,-0.034106702
677.9699707,0.034388486,0.04315665,0.067408152,0.217998266,0.296572447,0.396315992,0.1137527,0.384586453,3.932064772,3.131911516,3.201159239,5.430885315,5.662106991,6.435091496,4.640449524,4.2434268,4.397460461,2.104351997,1.842931986,2.338191271,0.01730538,0,0.074857146
678.9799805,-0.025607759,0.034371939,0.050571032,0.12648195,0.276759148,0.017133996,0.125808775,0.263453126,4.39973259,3.359855652,3.650215626,6.569613934,5.71261692,5.548566818,4.115121365,4.240324497,4.047641754,2.083839893,1.940359473,2.340323448,0.051409036,0,0.169793695
680,0.060218159,-0.060106993,0.04985128,0.455944359,0.231932864,0.311672121,0.164184138,0.168388426,3.143897772,3.194355249,3.579369307,6.200169086,5.397135735,5.83202076,3.871218443,4.232016087,4.001402378,2.081951618,2.589953184,1.833710551,0.034008108,0.051825106,0.142881155
681,-0.025621317,-0.017032873,0,0.318401963,0.214514941,0.23316063,0.215442956,0.19508554,3.886753082,3.362631321,3.30943656,5.026664257,5.479310036,5.172012329,3.215461969,3.905338764,3.967850447,1.96599102,1.433224797,1.406893849,0.119637668,-0.008649248,0.189989299
682,0.008345991,0.025896896,0.033502523,0.128701225,0.318145454,0.284306288,0.150621101,0.216318756,2.57140398,3.335365057,2.942345381,5.802946091,5.742489338,5.490411282,3.510444641,3.507368088,4.104260445,1.645409822,1.882278442,2.157788277,0.109717608,-0.04520632,0.085316226
683,-0.016812658,0.008578315,0.041822106,0.184123322,0.357803106,0.21341984,0.156172723,0.109199651,3.477051497,3.381989479,3.176990509,5.942387104,5.080252647,5.170859337,3.336408138,3.373211384,3.044219017,1.475982428,2.149499893,1.890118837,0.084699109,0.077663869,0.094249904
684,0.09263704,0.06101441,0.059255749,0.203431204,0.265408695,0.373326719,0.129497886,0.154175594,3.041483879,2.631735325,2.92397666,4.939916611,5.101199627,5.117743015,3.157219172,3.151419401,3.228631258,2.069839716,1.684394121,1.996244311,0.008544818,0.120343156,0.059055783
685,-0.008392924,0.068836153,0.033433631,0.21629104,0.289669871,0.298620194,0.084158793,0.203583062,2.51599884,2.438759565,2.956052303,4.865340233,4.750776291,4.926837444,3.916870832,2.899296522,3.163909197,1.895417571,1.694150448,1.80754745,0.093329489,0.017429499,0
686,0.050614543,-0.017122407,0.051392745,0.203848302,0.290578425,0.095281817,0.154636517,0.120845921,2.652219057,3.176066875,2.96478796,4.809556961,4.93676424,4.810583115,2.556469679,2.98502326,2.41848278,2.066325665,1.9377352,1.839849472,0.041281376,0.017366087,0.042587623
687,0.016610192,-0.026005773,-0.016884191,0.296343952,0.201413393,0.182645217,0.19963719,0.127935037,2.578998089,3.348373175,2.990344763,3.902850628,4.58333683,4.024896622,2.580633879,2.999644518,3.248153925,2.01812005,1.680686712,1.272973895,0.041835751,0.114080116,0
688,0.109578885,0.026259126,0.091540039,0.163762897,0.087384321,0.330354363,0.543949425,0.050713368,2.474426746,2.426433086,2.862863779,5.047301769,5.25088501,4.333250046,3.515731335,3.249440432,3.044565916,1.886633515,1.689015388,1.619920015,0.059623688,0.157777086,-0.017095625
689,-0.025711348,-0.008576477,-0.025625257,0.273487896,0.151751459,0.341944635,0.222305819,0.218847856,2.473355532,2.412299395,2.516011,4.749636173,4.369112015,4.185320377,2.427496672,3.047490835,3.311344147,1.560935855,1.73392868,1.828365207,-0.016831758,0.149467632,0.077751763
690,0.025382429,0.017202377,0.008500366,0.246955633,0.134056121,0.181087554,0.216889635,0.174657971,2.512758017,2.531984091,2.842557669,4.286001205,4.518455505,4.154753685,2.617823362,2.777896881,3.168101788,1.928541541,1.040438414,1.185020685,0.059566863,0.060890216,0.11124327
690.9799805,0.033808913,0.059323039,0.082662389,0.284154534,0.111900151,0.285808325,0.228541285,0.042463206,2.72470355,2.191548109,2.270639896,4.191446304,4.170473099,4.129399776,2.926008701,2.507669687,3.483363152,1.264136791,1.396795273,1.643586159,0.122351952,0.103094555,0.1029239
691.9699707,-0.016706623,0.008488027,0.016975334,0.19582361,0.193971708,0.19361411,0.20646134,0.108093731,2.560056448,2.287466764,2.222278833,3.770860195,3.909212112,4.074106693,2.664161921,2.206949711,2.420423985,1.197930455,1.322911501,1.841881514,0.051520277,0.017091241,0.11146456
692.9500122,0,0.068898998,-0.016725484,0.16385667,0.075006872,0.188815281,0.15248163,0.228579164,2.361596107,1.933059573,2.914636612,4.521160126,4.388503551,4.408352375,3.011611223,2.577431679,2.832177877,1.327382326,1.805814624,1.602096081,-0.033970851,0.122696161,0.067525938
693.9400024,0.085604712,0,0.008488388,0.173876762,0.266134381,0.095851377,0.119400948,0.110930964,2.005370617,1.899757743,2.299639702,5.066102028,4.634278297,4.189739227,2.744515181,3.166381359,2.577209711,2.104355812,1.450351357,1.666549087,0.068334021,0.120066553,0.008347454
695.0700073,0.025655719,-0.105196722,0.034044292,0.085146964,0.117682666,0.155875191,0.182758093,0.336337954,1.630416274,1.859000683,2.218878269,3.877565622,3.479176044,3.761955023,2.270474672,2.506817341,2.538529634,1.526986599,1.482239127,1.564838171,0.008459807,0.034728251,0.129433081
696.0499878,0.07077454,0.05152249,0,0.219381511,0.288172215,0.139080852,0.137116611,0.275006861,2.045675278,2.106472731,1.978514194,4.2839818,3.880787611,4.205207348,2.578434467,2.305201769,2.480171919,1.424612164,1.459562302,1.59376657,0.067766748,0.069296464,0.083923593
697.039978,0.026180981,0.017220743,-0.04989522,0.285025775,0.17366086,0.232732534,0.393305063,0.159354538,2.506309271,2.029758692,1.813617229,3.31366396,3.352813959,3.303898573,2.172501564,2.58781004,2.871265888,1.111819744,1.507632852,1.5693959,-0.034852009,0.060678557,0.083614141
698.0200195,0.101383895,0.051950302,0.033223696,0.185552225,0.10281191,0.195899725,0.121503525,0.238052726,2.137898684,2.221875191,2.319753408,3.815168619,3.762727022,3.782853842,2.205053091,2.282543182,2.498650551,1.715026855,0.910652936,1.220490575,0.093001232,0.067510545,0.033696696
699.0100098,0.034298845,0.026038501,0.034233678,0.07718432,0.245846048,0.168499097,0.043953724,0.156232372,1.989367604,1.995887399,2.265015364,3.196275473,3.463247776,3.344767809,1.625540733,1.942669988,2.22631979,1.45502758,1.324053407,1.397382975,0.051967401,0.085231148,-0.017050879
700,0.069249079,0.05976164,0.11874067,0.11267899,0.22659561,0.232786715,0.217218161,0.101704396,2.037693024,2.19672513,1.731945515,2.693136454,3.479053974,2.975682974,2.394768476,2.219850063,2.304069757,1.394807577,1.25650835,1.447744012,0.034005798,0.04998209,0.042228661